{"data":{"allContentfulPortfolio":{"nodes":[{"id":"76b7890f-2485-5638-be44-95c1f96a88ca","title":"IVaaS","description":{"description":"Explore our IVaaS Enterprise Solutions"},"image":{"gatsbyImageData":{"images":{"sources":[{"srcSet":"https://images.ctfassets.net/i9uyl9m8lvdo/D6daJEixq7hEIVJzU7iFn/77a635f451122f541300201787b183a0/appmordern.jpg?w=400&h=267&q=50&fm=webp 400w,\nhttps://images.ctfassets.net/i9uyl9m8lvdo/D6daJEixq7hEIVJzU7iFn/77a635f451122f541300201787b183a0/appmordern.jpg?w=800&h=534&q=50&fm=webp 800w,\nhttps://images.ctfassets.net/i9uyl9m8lvdo/D6daJEixq7hEIVJzU7iFn/77a635f451122f541300201787b183a0/appmordern.jpg?w=1600&h=1067&q=50&fm=webp 1600w","sizes":"(min-width: 1600px) 1600px, 100vw","type":"image/webp"}],"fallback":{"src":"https://images.ctfassets.net/i9uyl9m8lvdo/D6daJEixq7hEIVJzU7iFn/77a635f451122f541300201787b183a0/appmordern.jpg?w=1600&h=1067&fl=progressive&q=50&fm=jpg","srcSet":"https://images.ctfassets.net/i9uyl9m8lvdo/D6daJEixq7hEIVJzU7iFn/77a635f451122f541300201787b183a0/appmordern.jpg?w=400&h=267&fl=progressive&q=50&fm=jpg 400w,\nhttps://images.ctfassets.net/i9uyl9m8lvdo/D6daJEixq7hEIVJzU7iFn/77a635f451122f541300201787b183a0/appmordern.jpg?w=800&h=534&fl=progressive&q=50&fm=jpg 800w,\nhttps://images.ctfassets.net/i9uyl9m8lvdo/D6daJEixq7hEIVJzU7iFn/77a635f451122f541300201787b183a0/appmordern.jpg?w=1600&h=1067&fl=progressive&q=50&fm=jpg 1600w","sizes":"(min-width: 1600px) 1600px, 100vw"}},"layout":"constrained","backgroundColor":"#080808","width":1600,"height":1067}},"header":"IVaaS"},{"id":"f3289a4a-7536-575d-9d3f-defa31c65e95","title":"big data","description":{"description":"Explore sophesticated data models"},"image":{"gatsbyImageData":{"images":{"sources":[{"srcSet":"https://images.ctfassets.net/i9uyl9m8lvdo/1FQmb16Xfs4RUMea8ViRG5/0482c4d7ebf9ef0eab290486d8e00992/bigdata.jpg?w=400&h=250&q=50&fm=webp 400w,\nhttps://images.ctfassets.net/i9uyl9m8lvdo/1FQmb16Xfs4RUMea8ViRG5/0482c4d7ebf9ef0eab290486d8e00992/bigdata.jpg?w=800&h=499&q=50&fm=webp 800w,\nhttps://images.ctfassets.net/i9uyl9m8lvdo/1FQmb16Xfs4RUMea8ViRG5/0482c4d7ebf9ef0eab290486d8e00992/bigdata.jpg?w=1600&h=999&q=50&fm=webp 1600w","sizes":"(min-width: 1600px) 1600px, 100vw","type":"image/webp"}],"fallback":{"src":"https://images.ctfassets.net/i9uyl9m8lvdo/1FQmb16Xfs4RUMea8ViRG5/0482c4d7ebf9ef0eab290486d8e00992/bigdata.jpg?w=1600&h=999&fl=progressive&q=50&fm=jpg","srcSet":"https://images.ctfassets.net/i9uyl9m8lvdo/1FQmb16Xfs4RUMea8ViRG5/0482c4d7ebf9ef0eab290486d8e00992/bigdata.jpg?w=400&h=250&fl=progressive&q=50&fm=jpg 400w,\nhttps://images.ctfassets.net/i9uyl9m8lvdo/1FQmb16Xfs4RUMea8ViRG5/0482c4d7ebf9ef0eab290486d8e00992/bigdata.jpg?w=800&h=499&fl=progressive&q=50&fm=jpg 800w,\nhttps://images.ctfassets.net/i9uyl9m8lvdo/1FQmb16Xfs4RUMea8ViRG5/0482c4d7ebf9ef0eab290486d8e00992/bigdata.jpg?w=1600&h=999&fl=progressive&q=50&fm=jpg 1600w","sizes":"(min-width: 1600px) 1600px, 100vw"}},"layout":"constrained","backgroundColor":"#083848","width":1600,"height":998.9999999999999}},"header":"Big Data"},{"id":"1886f7ae-7756-528b-a00e-887daf6ce9eb","title":"ioT","description":{"description":"Explore Our solution for Real Time Problems"},"image":{"gatsbyImageData":{"images":{"sources":[{"srcSet":"https://images.ctfassets.net/i9uyl9m8lvdo/6tjBo2ed3NXnOAJrPYSy8H/e6c0700146593ffec105cf05e11c7533/security.jpg?w=400&h=267&q=50&fm=webp 400w,\nhttps://images.ctfassets.net/i9uyl9m8lvdo/6tjBo2ed3NXnOAJrPYSy8H/e6c0700146593ffec105cf05e11c7533/security.jpg?w=800&h=534&q=50&fm=webp 800w,\nhttps://images.ctfassets.net/i9uyl9m8lvdo/6tjBo2ed3NXnOAJrPYSy8H/e6c0700146593ffec105cf05e11c7533/security.jpg?w=1600&h=1067&q=50&fm=webp 1600w","sizes":"(min-width: 1600px) 1600px, 100vw","type":"image/webp"}],"fallback":{"src":"https://images.ctfassets.net/i9uyl9m8lvdo/6tjBo2ed3NXnOAJrPYSy8H/e6c0700146593ffec105cf05e11c7533/security.jpg?w=1600&h=1067&fl=progressive&q=50&fm=jpg","srcSet":"https://images.ctfassets.net/i9uyl9m8lvdo/6tjBo2ed3NXnOAJrPYSy8H/e6c0700146593ffec105cf05e11c7533/security.jpg?w=400&h=267&fl=progressive&q=50&fm=jpg 400w,\nhttps://images.ctfassets.net/i9uyl9m8lvdo/6tjBo2ed3NXnOAJrPYSy8H/e6c0700146593ffec105cf05e11c7533/security.jpg?w=800&h=534&fl=progressive&q=50&fm=jpg 800w,\nhttps://images.ctfassets.net/i9uyl9m8lvdo/6tjBo2ed3NXnOAJrPYSy8H/e6c0700146593ffec105cf05e11c7533/security.jpg?w=1600&h=1067&fl=progressive&q=50&fm=jpg 1600w","sizes":"(min-width: 1600px) 1600px, 100vw"}},"layout":"constrained","backgroundColor":"#080808","width":1600,"height":1067}},"header":"IoT"},{"id":"49c2026a-84c6-59da-940a-a0f24d6cfde7","title":"Computer","description":{"description":"Explore Visual Technology"},"image":{"gatsbyImageData":{"images":{"sources":[{"srcSet":"https://images.ctfassets.net/i9uyl9m8lvdo/2MjLtRXZiUCqsY8qJTgs8I/ebec03a18d4247912bd09bcd2e2fc718/edgecomp.jpg?w=400&h=248&q=50&fm=webp 400w,\nhttps://images.ctfassets.net/i9uyl9m8lvdo/2MjLtRXZiUCqsY8qJTgs8I/ebec03a18d4247912bd09bcd2e2fc718/edgecomp.jpg?w=800&h=496&q=50&fm=webp 800w,\nhttps://images.ctfassets.net/i9uyl9m8lvdo/2MjLtRXZiUCqsY8qJTgs8I/ebec03a18d4247912bd09bcd2e2fc718/edgecomp.jpg?w=1600&h=991&q=50&fm=webp 1600w","sizes":"(min-width: 1600px) 1600px, 100vw","type":"image/webp"}],"fallback":{"src":"https://images.ctfassets.net/i9uyl9m8lvdo/2MjLtRXZiUCqsY8qJTgs8I/ebec03a18d4247912bd09bcd2e2fc718/edgecomp.jpg?w=1600&h=991&fl=progressive&q=50&fm=jpg","srcSet":"https://images.ctfassets.net/i9uyl9m8lvdo/2MjLtRXZiUCqsY8qJTgs8I/ebec03a18d4247912bd09bcd2e2fc718/edgecomp.jpg?w=400&h=248&fl=progressive&q=50&fm=jpg 400w,\nhttps://images.ctfassets.net/i9uyl9m8lvdo/2MjLtRXZiUCqsY8qJTgs8I/ebec03a18d4247912bd09bcd2e2fc718/edgecomp.jpg?w=800&h=496&fl=progressive&q=50&fm=jpg 800w,\nhttps://images.ctfassets.net/i9uyl9m8lvdo/2MjLtRXZiUCqsY8qJTgs8I/ebec03a18d4247912bd09bcd2e2fc718/edgecomp.jpg?w=1600&h=991&fl=progressive&q=50&fm=jpg 1600w","sizes":"(min-width: 1600px) 1600px, 100vw"}},"layout":"constrained","backgroundColor":"#080808","width":1600,"height":991}},"header":"Computer Vision"}]}}}