{"data":{"allContentfulPortfolio":{"nodes":[{"id":"49c2026a-84c6-59da-940a-a0f24d6cfde7","description":{"description":"khalsdkj;lskd;kj alsjdlksmd;ljsd "},"title":"Computer","image":{"id":"e22c8b59-9e20-53e0-9bcf-ec73642b70a7","gatsbyImageData":{"images":{"sources":[{"srcSet":"https://images.ctfassets.net/i9uyl9m8lvdo/2MjLtRXZiUCqsY8qJTgs8I/ebec03a18d4247912bd09bcd2e2fc718/edgecomp.jpg?w=400&h=248&q=50&fm=webp 400w,\nhttps://images.ctfassets.net/i9uyl9m8lvdo/2MjLtRXZiUCqsY8qJTgs8I/ebec03a18d4247912bd09bcd2e2fc718/edgecomp.jpg?w=800&h=496&q=50&fm=webp 800w,\nhttps://images.ctfassets.net/i9uyl9m8lvdo/2MjLtRXZiUCqsY8qJTgs8I/ebec03a18d4247912bd09bcd2e2fc718/edgecomp.jpg?w=1600&h=991&q=50&fm=webp 1600w","sizes":"(min-width: 1600px) 1600px, 100vw","type":"image/webp"}],"fallback":{"src":"https://images.ctfassets.net/i9uyl9m8lvdo/2MjLtRXZiUCqsY8qJTgs8I/ebec03a18d4247912bd09bcd2e2fc718/edgecomp.jpg?w=1600&h=991&fl=progressive&q=50&fm=jpg","srcSet":"https://images.ctfassets.net/i9uyl9m8lvdo/2MjLtRXZiUCqsY8qJTgs8I/ebec03a18d4247912bd09bcd2e2fc718/edgecomp.jpg?w=400&h=248&fl=progressive&q=50&fm=jpg 400w,\nhttps://images.ctfassets.net/i9uyl9m8lvdo/2MjLtRXZiUCqsY8qJTgs8I/ebec03a18d4247912bd09bcd2e2fc718/edgecomp.jpg?w=800&h=496&fl=progressive&q=50&fm=jpg 800w,\nhttps://images.ctfassets.net/i9uyl9m8lvdo/2MjLtRXZiUCqsY8qJTgs8I/ebec03a18d4247912bd09bcd2e2fc718/edgecomp.jpg?w=1600&h=991&fl=progressive&q=50&fm=jpg 1600w","sizes":"(min-width: 1600px) 1600px, 100vw"}},"layout":"constrained","backgroundColor":"#080808","width":1600,"height":991}}}]}}}