{"errors":[{"message":"\n      Either the \"width\" or \"height\" argument is required for \"https://images.ctfassets.net/i9uyl9m8lvdo/2MjLtRXZiUCqsY8qJTgs8I/ebec03a18d4247912bd09bcd2e2fc718/edgecomp.jpg\"\n    ","locations":[{"line":10,"column":9}],"path":["allContentfulPortfolio","nodes",0,"image","gatsbyImage"]}],"data":{"allContentfulPortfolio":{"nodes":[{"id":"49c2026a-84c6-59da-940a-a0f24d6cfde7","description":{"description":"khalsdkj;lskd;kj alsjdlksmd;ljsd "},"title":"Computer","image":{"gatsbyImage":null}}]}}}