{"data":{"allContentfulLeader":{"nodes":[{"id":"23a45053-6c65-51b2-aae2-798c5c44ca3d","name":"PN Radhakrishnan","designation":"Director of RPS ET","quote":{"quote":"As a Director and Tower Lead of RPS ET"},"image":{"gatsbyImageData":{"images":{"sources":[{"srcSet":"https://images.ctfassets.net/i9uyl9m8lvdo/7zPmb2UOy10Ri414oi1ker/1be04960e40dec30c653da23f79dd2af/PN-Radhakrishnan.png?w=108&h=108&q=50&fm=webp 108w,\nhttps://images.ctfassets.net/i9uyl9m8lvdo/7zPmb2UOy10Ri414oi1ker/1be04960e40dec30c653da23f79dd2af/PN-Radhakrishnan.png?w=216&h=216&q=50&fm=webp 216w,\nhttps://images.ctfassets.net/i9uyl9m8lvdo/7zPmb2UOy10Ri414oi1ker/1be04960e40dec30c653da23f79dd2af/PN-Radhakrishnan.png?w=432&h=432&q=50&fm=webp 432w","sizes":"(min-width: 432px) 432px, 100vw","type":"image/webp"}],"fallback":{"src":"https://images.ctfassets.net/i9uyl9m8lvdo/7zPmb2UOy10Ri414oi1ker/1be04960e40dec30c653da23f79dd2af/PN-Radhakrishnan.png?w=432&h=432&fl=progressive&q=50&fm=jpg","srcSet":"https://images.ctfassets.net/i9uyl9m8lvdo/7zPmb2UOy10Ri414oi1ker/1be04960e40dec30c653da23f79dd2af/PN-Radhakrishnan.png?w=108&h=108&fl=progressive&q=50&fm=jpg 108w,\nhttps://images.ctfassets.net/i9uyl9m8lvdo/7zPmb2UOy10Ri414oi1ker/1be04960e40dec30c653da23f79dd2af/PN-Radhakrishnan.png?w=216&h=216&fl=progressive&q=50&fm=jpg 216w,\nhttps://images.ctfassets.net/i9uyl9m8lvdo/7zPmb2UOy10Ri414oi1ker/1be04960e40dec30c653da23f79dd2af/PN-Radhakrishnan.png?w=432&h=432&fl=progressive&q=50&fm=jpg 432w","sizes":"(min-width: 432px) 432px, 100vw"}},"layout":"constrained","backgroundColor":"#a89898","width":432,"height":432}}},{"id":"d70fb6de-f1df-5a89-b1d3-34bd31f77c1f","name":"Arun Chearie","designation":"Program Manager","quote":{"quote":"Program Manager of RPS ET Believes in Team Work "},"image":{"gatsbyImageData":{"images":{"sources":[{"srcSet":"https://images.ctfassets.net/i9uyl9m8lvdo/E8oLtegZvMaGSAEjZlRNB/001b079bdfcbc685c5c64b57304ab1dd/arunC.jpg?w=105&h=105&q=50&fm=webp 105w,\nhttps://images.ctfassets.net/i9uyl9m8lvdo/E8oLtegZvMaGSAEjZlRNB/001b079bdfcbc685c5c64b57304ab1dd/arunC.jpg?w=210&h=210&q=50&fm=webp 210w,\nhttps://images.ctfassets.net/i9uyl9m8lvdo/E8oLtegZvMaGSAEjZlRNB/001b079bdfcbc685c5c64b57304ab1dd/arunC.jpg?w=420&h=420&q=50&fm=webp 420w","sizes":"(min-width: 420px) 420px, 100vw","type":"image/webp"}],"fallback":{"src":"https://images.ctfassets.net/i9uyl9m8lvdo/E8oLtegZvMaGSAEjZlRNB/001b079bdfcbc685c5c64b57304ab1dd/arunC.jpg?w=420&h=420&fl=progressive&q=50&fm=jpg","srcSet":"https://images.ctfassets.net/i9uyl9m8lvdo/E8oLtegZvMaGSAEjZlRNB/001b079bdfcbc685c5c64b57304ab1dd/arunC.jpg?w=105&h=105&fl=progressive&q=50&fm=jpg 105w,\nhttps://images.ctfassets.net/i9uyl9m8lvdo/E8oLtegZvMaGSAEjZlRNB/001b079bdfcbc685c5c64b57304ab1dd/arunC.jpg?w=210&h=210&fl=progressive&q=50&fm=jpg 210w,\nhttps://images.ctfassets.net/i9uyl9m8lvdo/E8oLtegZvMaGSAEjZlRNB/001b079bdfcbc685c5c64b57304ab1dd/arunC.jpg?w=420&h=420&fl=progressive&q=50&fm=jpg 420w","sizes":"(min-width: 420px) 420px, 100vw"}},"layout":"constrained","backgroundColor":"#e8e8e8","width":420,"height":420}}}]}}}